_id,EJERCICIO,CENTRO GESTOR,DESCRIPCION CORTA,DESCRIPCION LARGA
1,2015,01,Cortes de Aragón,Cortes de Aragón
2,2015,0100,Ingresos de las Cortes de Aragón,Ingresos de las Cortes de Aragón
3,2015,01000,Ingresos de las Cortes de Aragón,Ingresos de las Cortes de Aragón
4,2015,0101,Cortes de Aragón,Cortes de Aragón
5,2015,01010,Cortes de Aragón,Cortes de Aragón
6,2015,0102,El Justicia de Aragón,El Justicia de Aragón
7,2015,01020,El Justicia de Aragón,El Justicia de Aragón
8,2015,0103,Cámara de Cuentas de Aragón,Cámara de Cuentas de Aragón
9,2015,01030,Cámara de Cuentas de Aragón,Cámara de Cuentas de Aragón
10,2015,02,Presidencia del Gobierno de Aragón,Presidencia del Gobierno de Aragón
11,2015,0200,Ingresos de Presidencia Gobierno Aragón,Ingresos de Presidencia Gobierno Aragón
12,2015,02000,Ingresos de Presidencia del Gobierno,Ingresos de Presidencia del Gobierno
13,2015,0201,Presidencia del Gobierno de Aragón,Presidencia del Gobierno de Aragón
14,2015,02010,Presidencia del Gobierno de Aragón,Presidencia del Gobierno de Aragón
15,2015,03,Consejo Consultivo de Aragón,Consejo Consultivo de Aragón
16,2015,0300,Ingresos Consejo Consultivo de Aragón,Ingresos Consejo Consultivo de Aragón
17,2015,03000,Ingresos Consejo Consultivo de Aragón,Ingresos Consejo Consultivo de Aragón
18,2015,0301,Consejo Consultivo de Aragón,Consejo Consultivo de Aragón
19,2015,03010,Consejo Consultivo de Aragón,Consejo Consultivo de Aragón
20,2015,04,No operativo,No operativo
21,2015,0400,No operativa,No operativa
22,2015,04000,No operativa,No operativa
23,2015,0401,No operativo,No operativo
24,2015,04010,Tribunal Admtvo. de Contratos Públicos de Aragón,Tribunal Admtvo. de Contratos Públicos de Aragón
25,2015,0402,No operativo,No operativo
26,2015,04020,No operativo,No operativo
27,2015,09,Consejo Económico y Social de Aragón,Consejo Económico y Social de Aragón
28,2015,0900,Ingresos Consejo Ec. y Social de Aragón,Ingresos Consejo Ec. y Social de Aragón
29,2015,09000,Ingresos Consejo Ec. y Social de Aragón,Ingresos Consejo Ec. y Social de Aragón
30,2015,0901,Consejo Económico y Social de Aragón,Consejo Económico y Social de Aragón
31,2015,09010,Consejo Económico y Social de Aragón,Consejo Económico y Social de Aragón
32,2015,10,Presidencia y Justicia,Presidencia y Justicia
33,2015,1000,Ingresos de Presidencia y Justicia,Ingresos de Presidencia y Justicia
34,2015,10000,Ingresos de Presidencia y Justicia,Ingresos de Presidencia y Justicia
35,2015,1001,S.G.T. Presidencia y Justicia,S.G.T. Presidencia y Justicia
36,2015,10010,S.G.T. Presidencia y Justicia,S.G.T. Presidencia y Justicia
37,2015,1002,Dirección General de Servicios Jurídicos,Dirección General de Servicios Jurídicos
38,2015,10020,Dirección General de Servicios Jurídicos,Dirección General de Servicios Jurídicos
39,2015,1003,D.G. de Desarrollo Estatutario,D.G. de Desarrollo Estatutario
40,2015,10030,D.G. de Desarrollo Estatutario,D.G. de Desarrollo Estatutario
41,2015,1004,D.G. Rel. Inst. y con Cortes de Aragón,D.G. Rel. Inst. y con Cortes de Aragón
42,2015,10040,D.G. Rel. Inst. y con Cortes de Aragón,D.G. Rel. Inst. y con Cortes de Aragón
43,2015,1005,"D.G. Part. Ciudadana,Acc. Ext. y Cooper.","D.G. Part. Ciudadana,Acc. Ext. y Cooper."
44,2015,10050,"D.G. Part. Ciudadana,Acc. Ext. y Cooper.","D.G. Part. Ciudadana,Acc. Ext. y Cooper."
45,2015,1006,D.G. de Administración de Justicia,D.G. de Administración de Justicia
46,2015,10060,D.G. de Administración de Justicia,D.G. de Administración de Justicia
47,2015,1007,No operativo,No operativo
48,2015,10070,No operativo,No operativo
49,2015,11,Política Territorial e Interior,Política Territorial e Interior
50,2015,1100,Ingresos Política Territorial e Interior,Ingresos Política Territorial e Interior
51,2015,11000,Ingresos Política Territorial e Interior,Ingresos Política Territorial e Interior
52,2015,1101,S.G.T. de Polít.Territorial e Interior,S.G.T. de Polít.Territorial e Interior
53,2015,11010,S.G.T. de Polít.Territorial e Interior,S.G.T. de Polít.Territorial e Interior
54,2015,1102,No operativo,No operativo
55,2015,11020,No operativo,No operativo
56,2015,1103,D.G. de Administración Local,D.G. de Administración Local
57,2015,11030,D.G. de Administración Local,D.G. de Administración Local
58,2015,1104,D.G. de Ordenación del Territorio,D.G. de Ordenación del Territorio
59,2015,11040,D.G. de Ordenación del Territorio,D.G. de Ordenación del Territorio
60,2015,1105,Dirección General de Interior,Dirección General de Interior
61,2015,11050,Dirección General de Interior,Dirección General de Interior
62,2015,1106,Delegación Territorial de Huesca,Delegación Territorial de Huesca
63,2015,11060,Delegación Territorial de Huesca,Delegación Territorial de Huesca
64,2015,1107,Delegación Territorial de Teruel,Delegación Territorial de Teruel
65,2015,11070,Delegación Territorial de Teruel,Delegación Territorial de Teruel
66,2015,1111,No operativo,No operativo
67,2015,11110,No operativo,No operativo
68,2015,12,Hacienda y Administración Pública,Hacienda y Administración Pública
69,2015,1200,Ingresos de Hacienda y Adm. Pública,Ingresos de Hacienda y Adm. Pública
70,2015,12000,Ingresos de Hacienda y Adm. Pública,Ingresos de Hacienda y Adm. Pública
71,2015,1201,S.G.T. de Hacienda y Administ. Pública,S.G.T. de Hacienda y Administ. Pública
72,2015,12010,S.G.T. de Hacienda y Administ. Pública,S.G.T. de Hacienda y Administ. Pública
73,2015,1202,"D.G. Presupuestos,Financiación,Tesorería","D.G. Presupuestos,Financiación,Tesorería"
74,2015,12020,"DG Presupuestos,Financiación y Tesorería","DG Presupuestos,Financiación y Tesorería"
75,2015,1203,"D.G. Contratación, Patrimonio y Organiz.","D.G. Contratación, Patrimonio y Organiz."
76,2015,12030,"D.G. Contratación, Patrimonio y Organiz.","D.G. Contratación, Patrimonio y Organiz."
77,2015,1204,Intervención General,Intervención General
78,2015,12040,Intervención General,Intervención General
79,2015,1205,Dirección General de Tributos,Dirección General de Tributos
80,2015,12050,Dirección General de Tributos,Dirección General de Tributos
81,2015,1206,D.G. Función Pública y Calidad de Serv.,D.G. Función Pública y Calidad de Serv.
82,2015,12060,D.G. Función Pública y Calidad de Serv.,D.G. Función Pública y Calidad de Serv.
83,2015,1207,No operativo,No operativo
84,2015,12070,No operativo,No operativo
85,2015,1208,No operativo,No operativo
86,2015,12080,D.G. Asuntos Europeos y Acción Exterior,D.G. Asuntos Europeos y Acción Exterior
87,2015,1250,Ingresos de Secciones Presupuestarias,Ingresos de Secciones Presupuestarias
88,2015,12500,Ingresos de Secciones Presupuestarias,Ingresos de Secciones Presupuestarias
89,2015,1251,Ingresos Servicio Provincial de Zaragoza,Ingresos Servicio Provincial de Zaragoza
90,2015,12510,Ingresos Servicio Provincial de Zaragoza,Ingresos Servicio Provincial de Zaragoza
91,2015,1252,Ingresos Servicio Provincial de Huesca,Ingresos Servicio Provincial de Huesca
92,2015,12520,Ingresos Servicio Provincial de Huesca,Ingresos Servicio Provincial de Huesca
93,2015,1253,Ingresos Servicio Provincial de Teruel,Ingresos Servicio Provincial de Teruel
94,2015,12530,Ingresos Servicio Provincial de Teruel,Ingresos Servicio Provincial de Teruel
95,2015,13,"O.Púb.,Urbanismo,Vivienda y Transportes","O.Púb.,Urbanismo,Vivienda y Transportes"
96,2015,1300,"Ingresos O.P., Urbanismo Viv. y Ttes","Ingresos O.P., Urbanismo Viv. y Ttes"
97,2015,13000,"Ingresos O.P., Urbanismo Viv. y Ttes","Ingresos O.P., Urbanismo Viv. y Ttes"
98,2015,1301,"S.G.T. O.P., Urbanismo,Vivienda y Ttes.","S.G.T. O.P., Urbanismo,Vivienda y Ttes."
99,2015,13010,"S.G.T. O.P., Urbanismo,Vivienda y Ttes.","S.G.T. O.P., Urbanismo,Vivienda y Ttes."
100,2015,1302,Dirección General de Carreteras,Dirección General de Carreteras
101,2015,13020,Dirección General de Carreteras,Dirección General de Carreteras
102,2015,1303,Dirección General de Urbanismo,Dirección General de Urbanismo
103,2015,13030,Dirección General de Urbanismo,Dirección General de Urbanismo
104,2015,1304,D.G. Transportes y Planif. de Infraestr.,D.G. Transportes y Planif. de Infraestr.
105,2015,13040,D.G. Transportes y Planif. de Infraestr.,D.G. Transportes y Planif. de Infraestr.
106,2015,1305,D.G. de Vivienda y Rehabilitación,D.G. de Vivienda y Rehabilitación
107,2015,13050,D.G. de Vivienda y Rehabilitación,D.G. de Vivienda y Rehabilitación
108,2015,1306,D.G. de Turismo,D.G. de Turismo
109,2015,13060,D.G. de Turismo,D.G. de Turismo
110,2015,14,"Agricultura, Ganadería y Medio Ambiente","Agricultura, Ganadería y Medio Ambiente"
111,2015,1400,"Ingresos Agricultura,Ganad. y Medio Amb.","Ingresos Agricultura,Ganad. y Medio Amb."
112,2015,14000,"Ingresos Agricultura,Ganad. y Medio Amb.","Ingresos Agricultura,Ganad. y Medio Amb."
113,2015,1401,"S.G.T. de Agricultura,Ganadería y M.Amb.","S.G.T. de Agricultura,Ganadería y M.Amb."
114,2015,14010,"S.G.T. de Agricultura,Ganadería y M.Amb.","S.G.T. de Agricultura,Ganadería y M.Amb."
115,2015,14011,AGRI-Sevicio Provincial de Huesca,AGRI-Sevicio Provincial de Huesca
116,2015,14012,AGRI-Sevicio Provincial de Teruel,AGRI-Sevicio Provincial de Teruel
117,2015,14013,AGRI-Sevicio Provincial de Zaragoza,AGRI-Sevicio Provincial de Zaragoza
118,2015,1402,Dirección General de Producción Agraria,Dirección General de Producción Agraria
119,2015,14020,Dirección General de Producción Agraria,Dirección General de Producción Agraria
120,2015,1403,D.G. de Alimentac. y Fto Agroalimentario,D.G. de Alimentac. y Fto Agroalimentario
121,2015,14030,D.G. de Alimentac. y Fto Agroalimentario,D.G. de Alimentac. y Fto Agroalimentario
122,2015,1404,D.G. Conservación del Medio Natural,D.G. Conservación del Medio Natural
123,2015,14040,D.G. Conservación del Medio Natural,D.G. Conservación del Medio Natural
124,2015,1405,Dirección General de Desarrollo Rural,Dirección General de Desarrollo Rural
125,2015,14050,Dirección General de Desarrollo Rural,Dirección General de Desarrollo Rural
126,2015,1406,D.G. de Gestión Forestal,D.G. de Gestión Forestal
127,2015,14060,D.G. de Gestión Forestal,D.G. de Gestión Forestal
128,2015,1407,D.G. de Calidad Ambiental,D.G. de Calidad Ambiental
129,2015,14070,D.G. de Calidad Ambiental,D.G. de Calidad Ambiental
130,2015,15,Economía y Empleo,Economía y Empleo
131,2015,1500,Ingresos de Economía y Empleo,Ingresos de Economía y Empleo
132,2015,15000,Ingresos de Economía y Empleo,Ingresos de Economía y Empleo
133,2015,1501,S.G.T. de Economía y Empleo,S.G.T. de Economía y Empleo
134,2015,15010,S.G.T. de Economía y Empleo,S.G.T. de Economía y Empleo
135,2015,1502,No operativa,No operativa
136,2015,15020,No operativa,No operativa
137,2015,1503,No operativa,No operativa
138,2015,15030,No operativa,No operativa
139,2015,1504,No operativa,No operativa
140,2015,15040,No operativa,No operativa
141,2015,1505,D.G. de Turismo,D.G. de Turismo
142,2015,15050,Dirección General de Turismo,Dirección General de Turismo
143,2015,1506,Dirección General de Economía,Dirección General de Economía
144,2015,15060,Dirección General de Economía,Dirección General de Economía
145,2015,1507,Dirección General de Trabajo,Dirección General de Trabajo
146,2015,15070,Dirección General de Trabajo,Dirección General de Trabajo
147,2015,16,"Sanidad, Bienestar Social y Familia","Sanidad, Bienestar Social y Familia"
148,2015,1600,"Ingresos Sanidad, B. Social y Familia","Ingresos Sanidad, B. Social y Familia"
149,2015,16000,"Ingresos Sanidad, B. Social y Familia","Ingresos Sanidad, B. Social y Familia"
150,2015,1601,"S.G.T. de Sanidad, B. Social y Familia","S.G.T. de Sanidad, B. Social y Familia"
151,2015,16010,"S.G.T. de Sanidad, B. Social y Familia","S.G.T. de Sanidad, B. Social y Familia"
152,2015,1602,D.G. de Planificación y Aseguramiento,D.G. de Planificación y Aseguramiento
153,2015,16020,D.G. de Planificación y Aseguramiento,D.G. de Planificación y Aseguramiento
154,2015,1603,Dirección General de Consumo,Dirección General de Consumo
155,2015,16030,Dirección General de Consumo,Dirección General de Consumo
156,2015,1604,Dirección General de Salud Pública,Dirección General de Salud Pública
157,2015,16040,Dirección General de Salud Pública,Dirección General de Salud Pública
158,2015,1605,D.G. de Calidad y Atención al Usuario,D.G. de Calidad y Atención al Usuario
159,2015,16050,D.G. de Calidad y Atención al Usuario,D.G. de Calidad y Atención al Usuario
160,2015,1606,D.G. de Familia,D.G. de Familia
161,2015,16060,D.G. de Familia,D.G. de Familia
162,2015,1607,D.G. de Bienestar Social y Dependencia,D.G. de Bienestar Social y Dependencia
163,2015,16070,D.G. de Bienestar Social y Dependencia,D.G. de Bienestar Social y Dependencia
164,2015,16220,"S,BS y F-Sevicio Provincial de Huesca","S,BS y F-Sevicio Provincial de Huesca"
165,2015,16440,"S,BS y F-Sevicio Provincial de Teruel","S,BS y F-Sevicio Provincial de Teruel"
166,2015,16500,"S,BS y F-Sevicio Provincial de Zaragoza","S,BS y F-Sevicio Provincial de Zaragoza"
167,2015,17,Industria e Innovación,Industria e Innovación
168,2015,1700,Ingresos de Industria e Innovación,Ingresos de Industria e Innovación
169,2015,17000,Ingresos de Industria e Innovación,Ingresos de Industria e Innovación
170,2015,1701,SGT Industria e Innovación,SGT Industria e Innovación
171,2015,17010,SGT Industria e Innovación,SGT Industria e Innovación
172,2015,1702,D.G. de Industria y de la PYME,D.G. de Industria y de la PYME
173,2015,17020,D.G. de Industria y de la PYME,D.G. de Industria y de la PYME
174,2015,1703,D.G. Investigación e Innovación,D.G. Investigación e Innovación
175,2015,17030,D.G. Investigación e Innovación,D.G. Investigación e Innovación
176,2015,1704,D.G. Nuevas Tecnologías,D.G. Nuevas Tecnologías
177,2015,17040,D.G. Nuevas Tecnologías,D.G. Nuevas Tecnologías
178,2015,1705,Dirección General de Energía y Minas,Dirección General de Energía y Minas
179,2015,17050,Dirección General de Energía y Minas,Dirección General de Energía y Minas
180,2015,1706,Dirección General Comercio y Artesanía,Dirección General Comercio y Artesanía
181,2015,17060,Dirección General Comercio y Artesanía,Dirección General Comercio y Artesanía
182,2015,18,"Educación, Universidad,Cultura y Deporte","Educación, Universidad,Cultura y Deporte"
183,2015,1800,"Ingresos Educ,Univ, Cultura y Deporte","Ingresos Educ,Univ, Cultura y Deporte"
184,2015,18000,"Ingresos Educ,Univ, Cultura y Deporte","Ingresos Educ,Univ, Cultura y Deporte"
185,2015,1801,"S.G.T. Educación,Univ.,Cultura y Deporte","S.G.T. Educación,Univ.,Cultura y Deporte"
186,2015,18010,"S.G.T. Educación,Univ.,Cultura y Deporte","S.G.T. Educación,Univ.,Cultura y Deporte"
187,2015,1802,D.G. de Universidades,D.G. de Universidades
188,2015,18020,D.G. de Universidades,D.G. de Universidades
189,2015,1803,D.G. de Ordenación Académica,D.G. de Ordenación Académica
190,2015,18030,D.G. de Ordenación Académica,D.G. de Ordenación Académica
191,2015,1804,Dirección General de Gestión de Personal,Dirección General de Gestión de Personal
192,2015,18040,Dirección General de Gestión de Personal,Dirección General de Gestión de Personal
193,2015,1805,D.G. Política Educativa y Educación Perm,D.G. Política Educativa y Educación Perm
194,2015,18050,D.G. Política Educativa y Educación Perm,D.G. Política Educativa y Educación Perm
195,2015,1806,Dirección General de Cultura,Dirección General de Cultura
196,2015,18060,Dirección General de Cultura,Dirección General de Cultura
197,2015,1807,Dirección General de Patrimonio Cultural,Dirección General de Patrimonio Cultural
198,2015,18070,Dirección General de Patrimonio Cultural,Dirección General de Patrimonio Cultural
199,2015,1808,Dirección General de Deporte,Dirección General de Deporte
200,2015,18080,Dirección General de Deporte,Dirección General de Deporte
201,2015,19,No operativa,No operativa
202,2015,1900,No operativa,No operativa
203,2015,19000,No operativa,No operativa
204,2015,1901,No operativa,No operativa
205,2015,19010,No operativa,No operativa
206,2015,1902,No operativa,No operativa
207,2015,19020,No operativa,No operativa
208,2015,1903,No operativa,No operativa
209,2015,19030,No operativa,No operativa
210,2015,1904,No operativa,No operativa
211,2015,19040,No operativa,No operativa
212,2015,20,No operativa,No operativa
213,2015,2000,No operativa,No operativa
214,2015,20000,No operativa,No operativa
215,2015,2001,No operativa,No operativa
216,2015,20010,No operativa,No operativa
217,2015,20011,No operativa,No operativa
218,2015,20012,No operativa,No operativa
219,2015,2002,No operativa,No operativa
220,2015,20020,No operativa,No operativa
221,2015,2003,No operativa,No operativa
222,2015,20030,No operativa,No operativa
223,2015,2004,No operativa,No operativa
224,2015,20040,No operativa,No operativa
225,2015,2010,No operativa,No operativa
226,2015,20100,No operativa,No operativa
227,2015,2012,No operativa,No operativa
228,2015,20120,No operativa,No operativa
229,2015,26,A las Administraciones Comarcales,A las Administraciones Comarcales
230,2015,2600,"Ingresos de ""A las Adm. Comarcales""","Ingresos de ""A las Adm. Comarcales"""
231,2015,26000,"Ingresos de ""A las Adm. Comarcales""","Ingresos de ""A las Adm. Comarcales"""
232,2015,2601,Comarca de la Jacetania,Comarca de la Jacetania
233,2015,26010,Comarca de la Jacetania,Comarca de la Jacetania
234,2015,2602,Comarca del Alto Gállego,Comarca del Alto Gállego
235,2015,26020,Comarca del Alto Gállego,Comarca del Alto Gállego
236,2015,2603,Comarca de Sobrarbe,Comarca de Sobrarbe
237,2015,26030,Comarca de Sobrarbe,Comarca de Sobrarbe
238,2015,2604,Comarca de la Ribagorza,Comarca de la Ribagorza
239,2015,26040,Comarca de la Ribagorza,Comarca de la Ribagorza
240,2015,2605,Comarca de Cinco Villas,Comarca de Cinco Villas
241,2015,26050,Comarca de Cinco Villas,Comarca de Cinco Villas
242,2015,2606,Comarca Hoya de Huesca/ Plana de Uesca,Comarca Hoya de Huesca/ Plana de Uesca
243,2015,26060,Comarca Hoya de Huesca/ Plana de Uesca,Comarca Hoya de Huesca/ Plana de Uesca
244,2015,2607,Comarca de Somontano de Barbastro,Comarca de Somontano de Barbastro
245,2015,26070,Comarca de Somontano de Barbastro,Comarca de Somontano de Barbastro
246,2015,2608,Comarca de Cinca Medio,Comarca de Cinca Medio
247,2015,26080,Comarca de Cinca Medio,Comarca de Cinca Medio
248,2015,2609,Comarca de la Litera/ La Llitera,Comarca de la Litera/ La Llitera
249,2015,26090,Comarca de la Litera/ La Llitera,Comarca de la Litera/ La Llitera
250,2015,2610,Comarca de los Monegros,Comarca de los Monegros
251,2015,26100,Comarca de los Monegros,Comarca de los Monegros
252,2015,2611,Comarca del Bajo Cinca/ Baix Cinca,Comarca del Bajo Cinca/ Baix Cinca
253,2015,26110,Comarca del Bajo Cinca/ Baix Cinca,Comarca del Bajo Cinca/ Baix Cinca
254,2015,2612,Comarca de Tarazona y el Moncayo,Comarca de Tarazona y el Moncayo
255,2015,26120,Comarca de Tarazona y el Moncayo,Comarca de Tarazona y el Moncayo
256,2015,2613,Comarca de Campo de Borja,Comarca de Campo de Borja
257,2015,26130,Comarca de Campo de Borja,Comarca de Campo de Borja
258,2015,2614,Comarca del Aranda,Comarca del Aranda
259,2015,26140,Comarca del Aranda,Comarca del Aranda
260,2015,2615,Comarca de la Ribera Alta del Ebro,Comarca de la Ribera Alta del Ebro
261,2015,26150,Comarca de la Ribera Alta del Ebro,Comarca de la Ribera Alta del Ebro
262,2015,2616,Comarca de Valdejalón,Comarca de Valdejalón
263,2015,26160,Comarca de Valdejalón,Comarca de Valdejalón
264,2015,2617,Delimitación Comarcal de Zaragoza,Delimitación Comarcal de Zaragoza
265,2015,26170,Delimitación Comarcal de Zaragoza,Delimitación Comarcal de Zaragoza
266,2015,2618,Comarca de la Ribera Baja del Ebro,Comarca de la Ribera Baja del Ebro
267,2015,26180,Comarca de la Ribera Baja del Ebro,Comarca de la Ribera Baja del Ebro
268,2015,2619,Comarca Bajo Aragón-Caspe,Comarca Bajo Aragón-Caspe
269,2015,26190,Comarca Bajo Aragón-Caspe,Comarca Bajo Aragón-Caspe
270,2015,2620,Comarca de la Comunidad de Calatayud,Comarca de la Comunidad de Calatayud
271,2015,26200,Comarca de la Comunidad de Calatayud,Comarca de la Comunidad de Calatayud
272,2015,2621,Comarca de Campo de Cariñena,Comarca de Campo de Cariñena
273,2015,26210,Comarca de Campo de Cariñena,Comarca de Campo de Cariñena
274,2015,2622,Comarca de Campo de Belchite,Comarca de Campo de Belchite
275,2015,26220,Comarca de Campo de Belchite,Comarca de Campo de Belchite
276,2015,2623,Comarca del Bajo Martín,Comarca del Bajo Martín
277,2015,26230,Comarca del Bajo Martín,Comarca del Bajo Martín
278,2015,2624,Comarca de Campo de Daroca,Comarca de Campo de Daroca
279,2015,26240,Comarca de Campo de Daroca,Comarca de Campo de Daroca
280,2015,2625,Comarca del Jiloca,Comarca del Jiloca
281,2015,26250,Comarca del Jiloca,Comarca del Jiloca
282,2015,2626,Comarca de Cuencas Mineras,Comarca de Cuencas Mineras
283,2015,26260,Comarca de Cuencas Mineras,Comarca de Cuencas Mineras
284,2015,2627,Comarca de Andorra- Sierra de Arcos,Comarca de Andorra- Sierra de Arcos
285,2015,26270,Comarca de Andorra- Sierra de Arcos,Comarca de Andorra- Sierra de Arcos
286,2015,2628,Comarca del Bajo Aragón,Comarca del Bajo Aragón
287,2015,26280,Comarca del Bajo Aragón,Comarca del Bajo Aragón
288,2015,2629,Comarca de la Comunidad de Teruel,Comarca de la Comunidad de Teruel
289,2015,26290,Comarca de la Comunidad de Teruel,Comarca de la Comunidad de Teruel
290,2015,2630,Comarca de Maestrazgo,Comarca de Maestrazgo
291,2015,26300,Comarca de Maestrazgo,Comarca de Maestrazgo
292,2015,2631,Comarca de la Sierra de Albarracín,Comarca de la Sierra de Albarracín
293,2015,26310,Comarca de la Sierra de Albarracín,Comarca de la Sierra de Albarracín
294,2015,2632,Comarca de Gúdar- Javalambre,Comarca de Gúdar- Javalambre
295,2015,26320,Comarca de Gúdar- Javalambre,Comarca de Gúdar- Javalambre
296,2015,2633,Comarca del Matarraña/ Matarranya,Comarca del Matarraña/ Matarranya
297,2015,26330,Comarca del Matarraña/ Matarranya,Comarca del Matarraña/ Matarranya
298,2015,2634,Servicios Administraciones Comarcales,Servicios Administraciones Comarcales
299,2015,26340,Servicios Administraciones Comarcales,Servicios Administraciones Comarcales
300,2015,30,Diversos Departamentos,Diversos Departamentos
301,2015,3000,"Ingresos de ""Diversos Departamentos""","Ingresos de ""Diversos Departamentos"""
302,2015,30000,"Ingresos de ""Diversos Departamentos""","Ingresos de ""Diversos Departamentos"""
303,2015,3001,Fondo Contingencia Ejecución Presupuest.,Fondo Contingencia Ejecución Presupuest.
304,2015,30010,Fondo Contingencia Ejecución Presupuest.,Fondo Contingencia Ejecución Presupuest.
305,2015,3002,Fondo de Gastos de Personal,Fondo de Gastos de Personal
306,2015,30020,Fondo de Gastos de Personal,Fondo de Gastos de Personal
307,2015,3003,Deuda Pública,Deuda Pública
308,2015,30030,Deuda Pública,Deuda Pública
309,2015,3004,Empresas Públicas y participadas,Empresas Públicas y participadas
310,2015,30040,Empresas Públicas y participadas,Empresas Públicas y participadas
311,2015,3005,No operativa,No operativa
312,2015,30050,Gastos Diversos,Gastos Diversos
313,2015,3006,Fondo Inclusión Social y Ay. Familiar Ur,Fondo Inclusión Social y Ay. Familiar Ur
314,2015,30060,Fondo Inclusión Social y Ay. Familiar Ur,Fondo Inclusión Social y Ay. Familiar Ur
315,2015,3008,No operativa,No operativa
316,2015,30080,No operativa,No operativa
317,2015,3011,No operativa,No operativa
318,2015,30110,No operativa,No operativa
319,2015,3013,No operativa,No operativa
320,2015,30130,No operativa,No operativa
321,2015,51,Instituto Aragonés de Empleo,Instituto Aragonés de Empleo
322,2015,5100,Ingresos del Inst. Aragonés de Empleo,Ingresos del Inst. Aragonés de Empleo
323,2015,51000,Ingresos del Inst. Aragonés de Empleo,Ingresos del Inst. Aragonés de Empleo
324,2015,5101,Instituto Aragonés de Empleo,Instituto Aragonés de Empleo
325,2015,51010,Instituto Aragonés de Empleo,Instituto Aragonés de Empleo
326,2015,51011,INAEM - Servicio Provincial de Huesca,INAEM - Servicio Provincial de Huesca
327,2015,51012,INAEM - Servicio Provincial de Teruel,INAEM - Servicio Provincial de Teruel
328,2015,51013,INAEM - Servicio Provincial de Zaragoza,INAEM - Servicio Provincial de Zaragoza
329,2015,51014,INAEM - Servicio de Formación,INAEM - Servicio de Formación
330,2015,51015,INAEM - Servicio de Intermediación,INAEM - Servicio de Intermediación
331,2015,51016,INAEM - Servicio de Promoción de Empleo,INAEM - Servicio de Promoción de Empleo
332,2015,52,Servicio Aragonés de Salud,Servicio Aragonés de Salud
333,2015,5200,Ingresos del Servicio Aragonés de Salud,Ingresos del Servicio Aragonés de Salud
334,2015,52000,Ingresos del Servicio Aragonés de Salud,Ingresos del Servicio Aragonés de Salud
335,2015,5201,Servicio Aragonés de Salud,Servicio Aragonés de Salud
336,2015,52010,Servicio Aragonés de Salud,Servicio Aragonés de Salud
337,2015,5205,Ctro. Gestión Integrada Proyectos Corp.,Ctro. Gestión Integrada Proyectos Corp.
338,2015,52050,Ctro. Gestión Integrada Proyectos Corp.,Ctro. Gestión Integrada Proyectos Corp.
339,2015,5206,Gerencia 061 Aragon,Gerencia 061 Aragon
340,2015,52061,Gerencia 061 Aragon,Gerencia 061 Aragon
341,2015,5209,Liquidación CASAR,
342,2015,52090,Liquidación CASAR,Liquidación CASAR
343,2015,52AL,Gerencia Sector Alcañiz,Gerencia Sector Alcañiz
344,2015,52AL1,Gerencia Sector Alcañiz,Gerencia Sector Alcañiz
345,2015,52AL2,Hospital de  Alcañiz,Hospital de  Alcañiz
346,2015,52AL3,Atención Primaria Sector Alcañiz,Atención Primaria Sector Alcañiz
347,2015,52BA,Gerencia Sector Barbastro,Gerencia Sector Barbastro
348,2015,52BA1,Gerencia Sector Barbastro,Gerencia Sector Barbastro
349,2015,52BA2,Hospital Barbastro,Hospital Barbastro
350,2015,52BA3,Centro Sociosanitario de Fraga,Centro Sociosanitario de Fraga
351,2015,52BA4,Atención Primaria Sector Barbastro,Atención Primaria Sector Barbastro
352,2015,52CA,Gerencia Sector Calatayud,Gerencia Sector Calatayud
353,2015,52CA1,Gerencia Sector Calatayud,Gerencia Sector Calatayud
354,2015,52CA2,Hospital Ernest Lluch Martin,Hospital Ernest Lluch Martin
355,2015,52CA3,Atención Primaria Sector Calatayud,Atención Primaria Sector Calatayud
356,2015,52HU,Gerencia Sector Huesca,Gerencia Sector Huesca
357,2015,52HU1,Gerencia Sector Huesca,Gerencia Sector Huesca
358,2015,52HU2,Hospital San Jorge de Huesca,Hospital San Jorge de Huesca
359,2015,52HU3,Hospital Sagrado Corazón de Jesús,Hospital Sagrado Corazón de Jesús
360,2015,52HU4,C.R.P. Santo Cristo de los Milagros,C.R.P. Santo Cristo de los Milagros
361,2015,52HU5,Atención Primaria Sector Huesca,Atención Primaria Sector Huesca
362,2015,52TE,Gerencia Sector Teruel,Gerencia Sector Teruel
363,2015,52TE1,Gerencia Sector Teruel,Gerencia Sector Teruel
364,2015,52TE2,Hospital Obispo Polanco Teruel,Hospital Obispo Polanco Teruel
365,2015,52TE3,Hospital San José,Hospital San José
366,2015,52TE4,C.R.P. San Juan de Dios,C.R.P. San Juan de Dios
367,2015,52TE5,Atención Primaria Sector Teruel,Atención Primaria Sector Teruel
368,2015,52Z1,Gerencia Sector Zaragoza I,Gerencia Sector Zaragoza I
369,2015,52Z11,Gerencia Sector Zaragoza I,Gerencia Sector Zaragoza I
370,2015,52Z12,Hospital Royo Villanova,Hospital Royo Villanova
371,2015,52Z13,Hospital Nuestra Señora de Gracia,Hospital Nuestra Señora de Gracia
372,2015,52Z14,Atención Primaria Sector Zaragoza I,Atención Primaria Sector Zaragoza I
373,2015,52Z2,Gerencia Sector Zaragoza II,Gerencia Sector Zaragoza II
374,2015,52Z21,Gerencia Sector Zaragoza II,Gerencia Sector Zaragoza II
375,2015,52Z22,Hospital Universitario Miguel Servet,Hospital Universitario Miguel Servet
376,2015,52Z23,Atención Primaria Sector Zaragoza II,Atención Primaria Sector Zaragoza II
377,2015,52Z3,Gerencia Sector Zaragoza III,Gerencia Sector Zaragoza III
378,2015,52Z31,Gerencia Sector Zaragoza III,Gerencia Sector Zaragoza III
379,2015,52Z32,Hospital Clínico Universitario Lozano Bl,Hospital Clínico Universitario Lozano Bl
380,2015,52Z33,H.Geriático San Jorge de Zaragoza,H.Geriático San Jorge de Zaragoza
381,2015,52Z34,C.R.P. Nuestra Señora del Pilar,C.R.P. Nuestra Señora del Pilar
382,2015,52Z35,Atención Primaria Sector Zaragoza III,Atención Primaria Sector Zaragoza III
383,2015,53,Instituto Aragonés de Servicios Sociales,Instituto Aragonés de Servicios Sociales
384,2015,5300,Ingresos Inst. Aragonés Serv. Sociales,Ingresos Inst. Aragonés Serv. Sociales
385,2015,53000,Ingresos Inst. Aragonés Serv. Sociales,Ingresos Inst. Aragonés Serv. Sociales
386,2015,5301,Instituto Aragonés de Servicios Sociales,Instituto Aragonés de Servicios Sociales
387,2015,53010,Instituto Aragonés de Servicios Sociales,Instituto Aragonés de Servicios Sociales
388,2015,53AAA,Acción concertada Plazas Mayores Huesca,Acción concertada Plazas Mayores Huesca
389,2015,53AAB,Acción concertada Plazas Mayores Teruel,Acción concertada Plazas Mayores Teruel
390,2015,53AAC,Acción concertada Plazas Mayores Zaragoz,Acción concertada Plazas Mayores Zaragoz
391,2015,53AB,Residencias,Residencias
392,2015,53ABA,Residencia de Mayores Ciudad de Huesca,Residencia de Mayores Ciudad de Huesca
393,2015,53ABB,"Res.Mayores ""Sagrada Familia""-Huesca","Res.Mayores ""Sagrada Familia""-Huesca"
394,2015,53ABC,"Res.Mayores ""San Blas""-Huesca","Res.Mayores ""San Blas""-Huesca"
395,2015,53ABD,"Res.Mayores ""Turia""-Teruel","Res.Mayores ""Turia""-Teruel"
396,2015,53ABE,Residencia de Utrillas,Residencia de Utrillas
397,2015,53ABF,"Residencia de ""Mayores Ciudad de Albarra","Residencia de ""Mayores Ciudad de Albarra"
398,2015,53ABG,"Res. de Mayores ""Javalambre"" Teruel","Res. de Mayores ""Javalambre"" Teruel"
399,2015,53ABH,Res. de Mayores  de Movera,Res. de Mayores  de Movera
400,2015,53ABI,Res. de Mayores  de Borja,Res. de Mayores  de Borja
401,2015,53ABJ,"Res. Mayores ""Romareda"" Zaragoza","Res. Mayores ""Romareda"" Zaragoza"
402,2015,53ABK,Res. de Mayores de Alagon,Res. de Mayores de Alagon
403,2015,53ABL,"Res. de Mayores ""Las Fuentes"" Zaragoza","Res. de Mayores ""Las Fuentes"" Zaragoza"
404,2015,53ABM,Centro Asistencial de Calatayud,Centro Asistencial de Calatayud
405,2015,53ABN,"Centro Asistencial ""Hogar Doz"" Tarazona","Centro Asistencial ""Hogar Doz"" Tarazona"
406,2015,53ABO,Res. Mayores Actur de Zaragoza,Res. Mayores Actur de Zaragoza
407,2015,53ABP,"Res. Mayores ""Oliver"" Zaragoza","Res. Mayores ""Oliver"" Zaragoza"
408,2015,53ABQ,"Res. Mayores ""Elías Martinez"" Zaragoza","Res. Mayores ""Elías Martinez"" Zaragoza"
409,2015,53ABR,Res. de Mayores de Utebo,Res. de Mayores de Utebo
410,2015,53ABS,"Res. de Mayores ""Delicias"" - Zaragoza","Res. de Mayores ""Delicias"" - Zaragoza"
411,2015,53ACA,"Centro Día en Res. ""Ciudad de Huesca""","Centro Día en Res. ""Ciudad de Huesca"""
412,2015,53ACB,"Centro Dia Res. ""Sagr.Familia"" Huesca","Centro Dia Res. ""Sagr.Familia"" Huesca"
413,2015,53ACC,Centro de Dia de Fraga,Centro de Dia de Fraga
414,2015,53ACD,"Centro Dia en Res.""Romareda"" Zaragoza","Centro Dia en Res.""Romareda"" Zaragoza"
415,2015,53ACE,"Centro Dia Res ""Las Fuentes"" Zaragoza","Centro Dia Res ""Las Fuentes"" Zaragoza"
416,2015,53ACF,Centro de Dia de Calatayud,Centro de Dia de Calatayud
417,2015,53ACG,Hogar 3ª Edad de Ejea de los Caballeros,Hogar 3ª Edad de Ejea de los Caballeros
418,2015,53ACH,Centro de Día Barrio San José Zaragoza,Centro de Día Barrio San José Zaragoza
419,2015,53ACI,"Centro de Dia ""San Blas"" Zaragoza","Centro de Dia ""San Blas"" Zaragoza"
420,2015,53ACJ,"Centro de Dia ""Delicias"" de Zaragoza","Centro de Dia ""Delicias"" de Zaragoza"
421,2015,53ACK,"Centro de Dia ""Picarral"" de Zaragoza","Centro de Dia ""Picarral"" de Zaragoza"
422,2015,53ACL,Centro de Dia Valdefierro Zaragoza,Centro de Dia Valdefierro Zaragoza
423,2015,53ACM,"C. Día y Usos Cultur. Casa Aísa, Huesca","C. Día y Usos Cultur. Casa Aísa, Huesca"
424,2015,53ACN,"C. Día y Usos Cultur. Casa Aísa, Huesca","C. Día y Usos Cultur. Casa Aísa, Huesca"
425,2015,53ACO,"Centro de Día ""San León"" - Teruel","Centro de Día ""San León"" - Teruel"
426,2015,53AD,IASS - Centro Mayores (Hogares),IASS - Centro Mayores (Hogares)
427,2015,53ADA,Hogar de Barbastro,Hogar de Barbastro
428,2015,53ADB,Hogar de Binefar,Hogar de Binefar
429,2015,53ADC,Hogar de Huesca,Hogar de Huesca
430,2015,53ADD,Hogar de Jaca,Hogar de Jaca
431,2015,53ADE,Hogar de  Monzón,Hogar de  Monzón
432,2015,53ADF,Hogar de Sabiñánigo,Hogar de Sabiñánigo
433,2015,53ADG,"Hogar en Res. Mayores ""Turia"" Teruel","Hogar en Res. Mayores ""Turia"" Teruel"
434,2015,53ADH,Hogar en Res. Mayores Utrillas,Hogar en Res. Mayores Utrillas
435,2015,53ADI,Hogar de Alcañiz,Hogar de Alcañiz
436,2015,53ADJ,Hogar de Andorra,Hogar de Andorra
437,2015,53ADK,Hogar de Calamocha,Hogar de Calamocha
438,2015,53ADL,Hogar de Calanda,Hogar de Calanda
439,2015,53ADM,Hogar de Ojos Negros,Hogar de Ojos Negros
440,2015,53ADN,Hogar Torrecilla de Alcañiz,Hogar Torrecilla de Alcañiz
441,2015,53ADO,"Hogar ""Balsas de Ebro Viejo"" Zaragoza","Hogar ""Balsas de Ebro Viejo"" Zaragoza"
442,2015,53ADP,"Hogar ""Boterón"" de Zaragoza","Hogar ""Boterón"" de Zaragoza"
443,2015,53ADQ,Club de Casetas,Club de Casetas
444,2015,53ADR,"Club ""Cervantes"" de Gallur","Club ""Cervantes"" de Gallur"
445,2015,53ADS,Hogar de Illueca,Hogar de Illueca
446,2015,53ADT,Hogar Las Fuentes-Zaragoza,Hogar Las Fuentes-Zaragoza
447,2015,53ADU,"Hogar ""Roger de Flor"" de Zaragoza","Hogar ""Roger de Flor"" de Zaragoza"
448,2015,53ADV,Hogar de la Tercera Edad Moncayo,Hogar de la Tercera Edad Moncayo
449,2015,53ADW,Hogar de Mayores Valdefierro - Zaragoza,Hogar de Mayores Valdefierro - Zaragoza
450,2015,53ADX,Comedor Personas Mayores San Blas de Fonz (Huesca),Comedor Personas Mayores San Blas de Fonz (Huesca)
451,2015,53AFA,Aulas de Tercera Edad,Aulas de Tercera Edad
452,2015,53AHA,Gastos Varios de Mayores de Huesca,Gastos Varios de Mayores de Huesca
453,2015,53AHB,Gastos Varios de Mayores de Teruel,Gastos Varios de Mayores de Teruel
454,2015,53AHC,Gastos Varios de Mayores de Zaragoza,Gastos Varios de Mayores de Zaragoza
455,2015,53AHD,Gastos Varios de Mayores en Gerencia,Gastos Varios de Mayores en Gerencia
456,2015,53AIA,Convenios y Subv. de Mayores Huesca,Convenios y Subv. de Mayores Huesca
457,2015,53AIB,Convenios y Subv. de Mayores de Teruel,Convenios y Subv. de Mayores de Teruel
458,2015,53AIC,Convenios y Subv. de Mayores de Zaragoza,Convenios y Subv. de Mayores de Zaragoza
459,2015,53AID,Convenios y Subv. de Mayores de Gerencia,Convenios y Subv. de Mayores de Gerencia
460,2015,53AJA,Prestaciones de Mayores de Huesca,Prestaciones de Mayores de Huesca
461,2015,53AJB,Prestaciones de Mayores de Teruel,Prestaciones de Mayores de Teruel
462,2015,53AJC,Prestaciones de Mayores de Zaragoza,Prestaciones de Mayores de Zaragoza
463,2015,53AJD,Ayudas Alimenticias,Ayudas Alimenticias
464,2015,53AJE,Prestaciones Extraordinarias,Prestaciones Extraordinarias
465,2015,53AJF,Prestaciones Plan Dependencia - Huesca,Prestaciones Plan Dependencia - Huesca
466,2015,53AJG,Prestaciones Plan Dependencia - Teruel,Prestaciones Plan Dependencia - Teruel
467,2015,53AJH,Prestaciones Plan Dependencia - Zaragoza,Prestaciones Plan Dependencia - Zaragoza
468,2015,53BAA,Acción Concertada Discapacitados Huesca,Acción Concertada Discapacitados Huesca
469,2015,53BAB,Acción Concertada Discapacitados Teruel,Acción Concertada Discapacitados Teruel
470,2015,53BAC,Ac.Concertada Dispacitados Zaragoza,Ac.Concertada Dispacitados Zaragoza
471,2015,53BAD,Ac.Concertada Transf.Dip.Prov. de Zarago,Ac.Concertada Transf.Dip.Prov. de Zarago
472,2015,53BAE,Acción Concertada Tutelados en Huesca,Acción Concertada Tutelados en Huesca
473,2015,53BAF,Acción Concertada Tutelados en Teruel,Acción Concertada Tutelados en Teruel
474,2015,53BAG,Acción Concertada Tutelados en Zaragoza,Acción Concertada Tutelados en Zaragoza
475,2015,53BAH,Acción Concertada Tutelados en Gerencia,Acción Concertada Tutelados en Gerencia
476,2015,53BB,Centro Asistencial,Centro Asistencial
477,2015,53BBA,"Centro Asistencial ""El Pinar""  de Teruel","Centro Asistencial ""El Pinar""  de Teruel"
478,2015,53BBB,Centro Atención Minus.Psíquicos de Zarag,Centro Atención Minus.Psíquicos de Zarag
479,2015,53BBC,Centro Dependientes Cesaraugusta Zaragoz,Centro Dependientes Cesaraugusta Zaragoz
480,2015,53BEA,Centro Base Huesca,Centro Base Huesca
481,2015,53BEB,Centro Base Teruel,Centro Base Teruel
482,2015,53BEC,Centro Base I de Zaragoza,Centro Base I de Zaragoza
483,2015,53BED,Centro Base II de Zaragoza,Centro Base II de Zaragoza
484,2015,53BHA,Gastos Varios Dispacitados Huesca,Gastos Varios Dispacitados Huesca
485,2015,53BHB,Gastos Varios Dispacitados Teruel,Gastos Varios Dispacitados Teruel
486,2015,53BHC,Gastos Varios Dispacitados Zaragoza,Gastos Varios Dispacitados Zaragoza
487,2015,53BHD,Gastos Varios Dispacitados Gerencia,Gastos Varios Dispacitados Gerencia
488,2015,53BHE,Gastos Varios Tutelados en Huesca,Gastos Varios Tutelados en Huesca
489,2015,53BHF,Gastos Varios Tutelados en Teruel,Gastos Varios Tutelados en Teruel
490,2015,53BHG,Gastos Varios Tutelados en Zaragoza,Gastos Varios Tutelados en Zaragoza
491,2015,53BHH,Gastos Varios Tutelados en Gerencia,Gastos Varios Tutelados en Gerencia
492,2015,53BIA,Convenios y Subv. Discapacitados Huesca,Convenios y Subv. Discapacitados Huesca
493,2015,53BIB,Convenios y Subv. Discapacitados Teruel,Convenios y Subv. Discapacitados Teruel
494,2015,53BIC,Convenios y Subv. Discapacitados Zaragoz,Convenios y Subv. Discapacitados Zaragoz
495,2015,53BID,Convenios y Subv. Discapacitados Gerenci,Convenios y Subv. Discapacitados Gerenci
496,2015,53BIE,Convenios y Subv. de Tutelados en Huesca,Convenios y Subv. de Tutelados en Huesca
497,2015,53BIF,Convenios y Subv. de Tutelados en Teruel,Convenios y Subv. de Tutelados en Teruel
498,2015,53BIG,Convenios y Subv. de Tutelados en Zarago,Convenios y Subv. de Tutelados en Zarago
499,2015,53BIH,Convenios y Subv. de Tutelados en Gerenc,Convenios y Subv. de Tutelados en Gerenc
500,2015,53BJA,Prestaciones Dispacitados de Huesca,Prestaciones Dispacitados de Huesca
501,2015,53BJB,Prestaciones Dispacitados de Teruel,Prestaciones Dispacitados de Teruel
502,2015,53BJC,Prestaciones Dispacitados de Zaragoza,Prestaciones Dispacitados de Zaragoza
503,2015,53CAA,Acción Concertada Plazas Menores Huesca,Acción Concertada Plazas Menores Huesca
504,2015,53CAB,Acción Concertada Plazas Menores Teruel,Acción Concertada Plazas Menores Teruel
505,2015,53CAC,Acción Concertada Plazas Menores Zaragoz,Acción Concertada Plazas Menores Zaragoz
506,2015,53CAD,Acción Concertada Plazas Menores Gerenci,Acción Concertada Plazas Menores Gerenci
507,2015,53CBA,Vivienda Tutelada de Huesca,Vivienda Tutelada de Huesca
508,2015,53CBB,Vivienda Tutelada de Teruel,Vivienda Tutelada de Teruel
509,2015,53CBC,"COA ""Juan Lanuza I"" de Zaragoza","COA ""Juan Lanuza I"" de Zaragoza"
510,2015,53CBD,"Res. Menores  ""Cesaraugusta"" de Zaragoza","Res. Menores  ""Cesaraugusta"" de Zaragoza"
511,2015,53CBE,"Res. Menores  ""Infanta Isabel"" de Zarago","Res. Menores  ""Infanta Isabel"" de Zarago"
512,2015,53CBF,"C.O.A. ""Juan Lanuza II"" de Zaragoza","C.O.A. ""Juan Lanuza II"" de Zaragoza"
513,2015,53CBG,"Res. de Menores ""Salduba"" de Zaragoza","Res. de Menores ""Salduba"" de Zaragoza"
514,2015,53CBH,Piso Prep. Adop. Medina Albaida Zaragoza,Piso Prep. Adop. Medina Albaida Zaragoza
515,2015,53CBI,"C.E.I. ""San Jorge"" de Zaragoza","C.E.I. ""San Jorge"" de Zaragoza"
516,2015,53CBJ,Centro Internamiento Menores  Juslibol,Centro Internamiento Menores  Juslibol
517,2015,53CBK,"Res. Menores ""Villacampa"" de Zaragoza","Res. Menores ""Villacampa"" de Zaragoza"
518,2015,53CBL,"Vivienda Hogar  ""L. Loste"" de Huesca","Vivienda Hogar  ""L. Loste"" de Huesca"
519,2015,53CBM,Piso de Emancipación - Teruel,Piso de Emancipación - Teruel
520,2015,53CGA,Supervia/Lagasca de Zaragoza,Supervia/Lagasca de Zaragoza
521,2015,53CHA,Gastos Varios  de Menores de Huesca,Gastos Varios  de Menores de Huesca
522,2015,53CHB,Gastos Varios  de Menores de Teruel,Gastos Varios  de Menores de Teruel
523,2015,53CHC,Gastos Varios  de Menores de Zaragoza,Gastos Varios  de Menores de Zaragoza
524,2015,53CHD,Gastos Varios  de Menores de Gerencia,Gastos Varios  de Menores de Gerencia
525,2015,53CIA,Convenios y Subv. Menores de Huesca,Convenios y Subv. Menores de Huesca
526,2015,53CIB,Convenios y Subv. Menores de Teruel,Convenios y Subv. Menores de Teruel
527,2015,53CIC,Convenios y Subv. Menores de Zaragoza,Convenios y Subv. Menores de Zaragoza
528,2015,53CID,Convenios y Subv. Menores de Gerencia,Convenios y Subv. Menores de Gerencia
529,2015,53CJA,Acogimientos  Remunerados de Huesca,Acogimientos  Remunerados de Huesca
530,2015,53CJB,Acogimientos  Remunerados de Teruel,Acogimientos  Remunerados de Teruel
531,2015,53CJC,Acogimientos  Remunerados de Zaragoza,Acogimientos  Remunerados de Zaragoza
532,2015,53CJD,Acogimientos  Remunerados de Gerencia,Acogimientos  Remunerados de Gerencia
533,2015,53CJE,Prestaciones  Menores de Huesca,Prestaciones  Menores de Huesca
534,2015,53CJF,Prestaciones  de Menores de Teruel,Prestaciones  de Menores de Teruel
535,2015,53CJG,Prestaciones  Menores de Zaragoza,Prestaciones  Menores de Zaragoza
536,2015,53CJH,Ayudas  Urgentes Menores D.88/98  Huesca,Ayudas  Urgentes Menores D.88/98  Huesca
537,2015,53CJI,Ayudas  Urgentes Menores D.88/98  Teruel,Ayudas  Urgentes Menores D.88/98  Teruel
538,2015,53CJJ,Ayudas  Urgentes Menores D.88/98  Zarago,Ayudas  Urgentes Menores D.88/98  Zarago
539,2015,53DAA,Acción Concertada Plz. Inserción Huesca,Acción Concertada Plz. Inserción Huesca
540,2015,53DHA,Gastos Varios inserción en Gerencia,Gastos Varios inserción en Gerencia
541,2015,53DIA,Convenios y  Subv. de Inserción Huesca,Convenios y  Subv. de Inserción Huesca
542,2015,53DIB,Convenios y  Subv. Inserción Teruel,Convenios y  Subv. Inserción Teruel
543,2015,53DIC,Convenios y  Subv. de Inserción Zaragoza,Convenios y  Subv. de Inserción Zaragoza
544,2015,53DID,Convenios y  Subv. de Inserción Gerencia,Convenios y  Subv. de Inserción Gerencia
545,2015,53DIE,Conv.  y  Subv. Programas varios Huesca,Conv.  y  Subv. Programas varios Huesca
546,2015,53DIF,Con. y Subv. Programas Varios en Teruel,Con. y Subv. Programas Varios en Teruel
547,2015,53DIG,Conv.  y  Subv. Programas varios Zaragoz,Conv.  y  Subv. Programas varios Zaragoz
548,2015,53DIH,Conv.  y  Subv. Programas varios Gerenci,Conv.  y  Subv. Programas varios Gerenci
549,2015,53DJA,Ayudas de Urgencia en  Zaragoza,Ayudas de Urgencia en  Zaragoza
550,2015,53DJB,Prestaciones de Insercción en  Huesca,Prestaciones de Insercción en  Huesca
551,2015,53DJC,Prestaciones de Insercción en Teruel,Prestaciones de Insercción en Teruel
552,2015,53DJD,Prestaciones de Insercción en Zaragoza,Prestaciones de Insercción en Zaragoza
553,2015,53EIA,Serv. Sociales Entidades Locales Huesca,Serv. Sociales Entidades Locales Huesca
554,2015,53EIB,Serv. Sociales Entidades Locales Teruel,Serv. Sociales Entidades Locales Teruel
555,2015,53EIC,Serv. Sociales Entidades Locales Zaragoz,Serv. Sociales Entidades Locales Zaragoz
556,2015,53EID,Serv. Sociales Entidades Locales Gerenci,Serv. Sociales Entidades Locales Gerenci
557,2015,53EIE,Servicios Sociales Base  Area deZaragoza,Servicios Sociales Base  Area deZaragoza
558,2015,53FBA,"Residencia  ""Padre Polanco"" Orihuela Tre","Residencia  ""Padre Polanco"" Orihuela Tre"
559,2015,53GGA,Dirección  Provincial de  Huesca,Dirección  Provincial de  Huesca
560,2015,53GGB,Dirección Provincial  de Teruel,Dirección Provincial  de Teruel
561,2015,53GGC,Dirección Provincial  de Zaragoza,Dirección Provincial  de Zaragoza
562,2015,53GGD,Gerencia de IASS,Gerencia de IASS
563,2015,54,Instituto Aragonés de la Mujer,Instituto Aragonés de la Mujer
564,2015,5400,Ingresos del Inst. Aragonés de la Mujer,Ingresos del Inst. Aragonés de la Mujer
565,2015,54000,Ingresos del Inst. Aragonés de la Mujer,Ingresos del Inst. Aragonés de la Mujer
566,2015,5401,Instituto Aragonés de la Mujer,Instituto Aragonés de la Mujer
567,2015,54010,Instituto Aragonés de la Mujer,Instituto Aragonés de la Mujer
568,2015,55,Instituto Aragonés de la Juventud,Instituto Aragonés de la Juventud
569,2015,5500,Ingresos del Inst. Arag. de la Juventud,Ingresos del Inst. Arag. de la Juventud
570,2015,55000,Ingresos del Inst. Arag. de la Juventud,Ingresos del Inst. Arag. de la Juventud
571,2015,5501,Instituto Aragonés de la Juventud,Instituto Aragonés de la Juventud
572,2015,55010,Instituto Aragonés de la Juventud,Instituto Aragonés de la Juventud
573,2015,56,Inst.Arag.Enseñanzas Artíst.Superiores,Inst.Arag.Enseñanzas Artíst.Superiores
574,2015,5600,Ingresos Inst. Ar. Enseñanzas Artíst.Sup,Ingresos Inst. Ar. Enseñanzas Artíst.Sup
575,2015,56000,Ingresos Inst. Ar. Enseñanzas Artíst.Sup,Ingresos Inst. Ar. Enseñanzas Artíst.Sup
576,2015,5601,Inst.Arag.Enseñanzas Artíst.Superiores,Inst.Arag.Enseñanzas Artíst.Superiores
577,2015,56010,Inst.Arag.Enseñanzas Artíst.Superiores,Inst.Arag.Enseñanzas Artíst.Superiores
578,2015,71,E.P. Aragonesa de Servicios Telemáticos,E.P. Aragonesa de Servicios Telemáticos
579,2015,7100,Ingresos Aragonesa Servicios Telemáticos,Ingresos Aragonesa Servicios Telemáticos
580,2015,71000,Ingresos Aragonesa Servicios Telemáticos,Ingresos Aragonesa Servicios Telemáticos
581,2015,7101,E.P. Aragonesa de Servicios Telemáticos,E.P. Aragonesa de Servicios Telemáticos
582,2015,71010,E.P. Aragonesa de Servicios Telemáticos,E.P. Aragonesa de Servicios Telemáticos
583,2015,7101A,AST - TELECOMUNICACIONES,AST - TELECOMUNICACIONES
584,2015,72,Instituto Aragonés del Agua,Instituto Aragonés del Agua
585,2015,7200,Ingresos del Instituto Aragonés del Agua,Ingresos del Instituto Aragonés del Agua
586,2015,72000,Ingresos del Instituto Aragonés del Agua,Ingresos del Instituto Aragonés del Agua
587,2015,7201,Instituto Aragonés del Agua,Instituto Aragonés del Agua
588,2015,72010,Instituto Aragonés del Agua,Instituto Aragonés del Agua
589,2015,73,Instituto Aragonés Ciencias de la Salud,Instituto Aragonés Ciencias de la Salud
590,2015,7300,Ingresos Inst. Aragonés Ciencias Salud,Ingresos Inst. Aragonés Ciencias Salud
591,2015,73000,Ingresos Inst. Aragonés Ciencias Salud,Ingresos Inst. Aragonés Ciencias Salud
592,2015,7301,Instituto Aragonés Ciencias de la Salud,Instituto Aragonés Ciencias de la Salud
593,2015,73010,Instituto Aragonés Ciencias de la Salud,Instituto Aragonés Ciencias de la Salud
594,2015,74,Centro Investigación y Tecnol. Agroalim.,Centro Investigación y Tecnol. Agroalim.
595,2015,7400,Ingresos Centro Invest. y Tecn. Agroalim,Ingresos Centro Invest. y Tecn. Agroalim
596,2015,74000,Ingresos Centro Invest. y Tecn. Agroalim,Ingresos Centro Invest. y Tecn. Agroalim
597,2015,7401,Centro Investigación y Tecnol. Agroalim.,Centro Investigación y Tecnol. Agroalim.
598,2015,74010,Centro Investigación y Tecnol. Agroalim.,Centro Investigación y Tecnol. Agroalim.
599,2015,75,Instituto Aragonés de Gestión Ambiental,Instituto Aragonés de Gestión Ambiental
600,2015,7500,Ingresos Inst. Arag. Gestión Ambiental,Ingresos Inst. Arag. Gestión Ambiental
601,2015,75000,Ingresos Inst. Arag. Gestión Ambiental,Ingresos Inst. Arag. Gestión Ambiental
602,2015,7501,Instituto Aragonés de Gestión Ambiental,Instituto Aragonés de Gestión Ambiental
603,2015,75010,Instituto Aragonés de Gestión Ambiental,Instituto Aragonés de Gestión Ambiental
604,2015,76,E.P. Aragonesa Banco de Sangre y Tejidos,E.P. Aragonesa Banco de Sangre y Tejidos
605,2015,7600,Ingresos E.P. Banco de Sangre y Tejidos,Ingresos E.P. Banco de Sangre y Tejidos
606,2015,76000,Ingresos E.P. Banco de Sangre y Tejidos,Ingresos E.P. Banco de Sangre y Tejidos
607,2015,7601,E.P. Aragonesa Banco de Sangre y Tejidos,E.P. Aragonesa Banco de Sangre y Tejidos
608,2015,76010,E.P. Aragonesa Banco de Sangre y Tejidos,E.P. Aragonesa Banco de Sangre y Tejidos
609,2015,77,Agencia de Calidad y Prospectiva Univers,Agencia de Calidad y Prospectiva Univers
610,2015,7700,Ingresos Ag. Calidad y Prosp. Univ.,Ingresos Ag. Calidad y Prosp. Univ.
611,2015,77000,Ingresos Ag. Calidad y Prosp. Univ.,Ingresos Ag. Calidad y Prosp. Univ.
612,2015,7701,Agencia de Calidad y Prospectiva Univers,Agencia de Calidad y Prospectiva Univers
613,2015,77010,Agencia de Calidad y Prospectiva Univers,Agencia de Calidad y Prospectiva Univers
614,2015,90,Consorcio Aragonés Sanitario Alta Resol.,Consorcio Aragonés Sanitario Alta Resol.
615,2015,9000,Ingr. Consorcio Arag. Sanitario Alta Res,Ingr. Consorcio Arag. Sanitario Alta Res
616,2015,90000,Ingr. Consorcio Arag. Sanitario Alta Res,Ingr. Consorcio Arag. Sanitario Alta Res
617,2015,9001,Consorcio Aragonés Sanitario Alta Resol.,Consorcio Aragonés Sanitario Alta Resol.
618,2015,90010,Consorcio Aragonés Sanitario Alta Resol.,Consorcio Aragonés Sanitario Alta Resol.
619,2015,90CS,Centros Alta Resolución,Centros Alta Resolución
620,2015,90CS2,Centro A.R. Pirineos (JACA),Centro A.R. Pirineos (JACA)
621,2015,90CS3,Centro A.R. Cinco Villas (EJEA),Centro A.R. Cinco Villas (EJEA)
622,2015,90CS4,Centro A.R. Bajo Cinca (FRAGA),Centro A.R. Bajo Cinca (FRAGA)
623,2015,90CS5,Centro A.R. Moncayo (TARAZONA),Centro A.R. Moncayo (TARAZONA)
